8501,4423,19839,193027,88744,62906.8,19839.0,1.3202299019699355,1.4284389811244529,71880.46839691572,5166801736.96,71.42857142857143,66.66666666666666,44.44444444444444,59.01639344262295,40.0,56.311215196461106,59.01639344262295,-2.5097999079471904,-0.23138611876934323,12.247153246448713,149.99276264199926,11461,35210,15603,153,92738,31033.0,15603.0,2.7078248650300267,1.6331209301878944,32862.3700849467,1079935367.6,40.0,57.14285714285714,30.303030303030305,0.0,51.11111111111111,35.711399711399714,40.0,1.2927888583743687,-1.180068949743494,20.096791287521004,403.88102005418017,1
26745,68318,245580,22053,29349,78409.0,29349.0,4.2031859136608904,2.0415156336569873,85205.66032136597,7260004550.8,30.76923076923077,23.809523809523807,53.84615384615385,50.0,69.44444444444444,45.57387057387058,50.0,-1.3986662563672259,0.047006180098205494,16.435873806817373,270.1379477936254,11461,59187,62690,39784,451307,124885.8,59187.0,4.764530874467224,2.1663663875245205,164221.1626355142,26968590257.36,40.0,60.0,59.25925925925925,71.42857142857143,53.02325581395348,56.742217300356835,59.25925925925925,1.0407853165414105,-0.42075651188420443,10.264211227269387,105.35403211800295,0
34824,15503,38430,22475,6746,23595.6,22475.0,-1.8533123452984732,-0.1150894424737279,11805.010200757983,139358265.84,53.333333333333336,75.0,62.16216216216216,46.42857142857143,50.0,57.38481338481339,53.333333333333336,0.33357404943176894,1.0530459839476811,10.238232835485446,104.82141159361235,46319,3317,18969,75616,5862,30016.6,18969.0,-0.5757812218881981,0.9337405674410683,27435.146557654836,752687266.64,27.77777777777778,66.66666666666666,22.22222222222222,50.0,0.0,33.33333333333333,27.77777777777778,-0.7257977285018904,0.07523216735123628,23.040490392586353,530.8641975308641,1
993986,177843,16944,422165,38028,329793.2,177843.0,1.8617172008764449,1.474025908706257,362153.2941059076,131155008431.76001,53.333333333333336,53.43511450381679,36.36363636363637,49.43820224719101,51.42857142857142,48.799771575309784,51.42857142857142,3.941196293090984,-1.9585006386118167,6.387726163088146,40.80304553460081,75022,37423,95289,200180,10330,83648.8,75022.0,1.60355524128701,1.16912510769575,65271.59799912976,4260381505.3599997,48.07692307692308,47.82608695652174,55.26315789473685,56.11510791366906,50.0,51.45625516837015,50.0,-2.999490676378976,0.44600152145351685,3.5472835527034157,12.583220603280168,0
193337,2391,18086,37070,194614,89099.6,37070.0,-3.229201521789232,0.5358100044380116,86333.21045947498,7453423228.24,49.42528735632184,0.0,72.72727272727273,33.33333333333333,47.69230769230769,40.63564022184712,47.69230769230769,1.2781454839740558,-0.7275163766769179,23.92281869485267,572.3012543067923,71911,4625,105922,2368,11493,39263.8,11493.0,-1.6635962999463545,0.8731663605219897,42051.204859789694,1768303830.1600003,47.82608695652174,66.66666666666666,51.162790697674424,50.0,50.0,53.13110886417256,50.0,4.535557514012035,2.0947678251051007,6.853269939357132,46.967308861696104,0
36289,6368,467505,3214,145087,131692.6,36289.0,3.1937196001371166,1.8107882447656078,175649.78272756274,30852846172.239998,55.172413793103445,38.46153846153847,50.326797385620914,33.33333333333333,20.0,39.45881659471924,38.46153846153847,-0.8181942531929929,-0.371062088335242,12.507532094796607,156.4383591023672,13341,10861,47355,31465,153014,51207.2,31465.0,3.739382121043249,1.9006505501781625,52594.45481949594,2766176677.7599998,60.0,83.33333333333334,58.333333333333336,62.5,62.96296296296296,65.42592592592594,62.5,4.3461091303314605,2.0443654008614502,9.110960552806024,83.00960219478745,0
78204,47593,129348,44137,53321,70520.6,53321.0,2.1110629097217704,1.5712977776909722,31740.4885192399,1007458611.4399999,47.69230769230769,39.743589743589745,53.2258064516129,47.82608695652174,62.857142857142854,50.268986740234986,47.82608695652174,0.8907570941091834,0.5536959332043668,7.623588045474655,58.11909468710407,68494,41532,234488,65635,11497,84329.2,65635.0,3.7776049197542436,1.8408814359438626,77825.4734322895,6056804314.959999,51.19047619047619,57.77777777777777,46.42857142857143,36.04651162790697,33.33333333333333,44.95533407161314,46.42857142857143,-1.9776763303691482,0.029807443660232028,9.164065764104683,83.98010132883553,1
15573,11814,258264,115831,28229,85942.2,28229.0,1.6365263820750613,1.4966332463840724,94197.42132224214,8873154183.759998,56.52173913043478,45.45454545454545,47.22222222222222,58.333333333333336,67.56756756756756,55.01988154162067,56.52173913043478,-0.9093723015386246,0.38247645956206117,8.03714014956726,64.59562178378606,133,29452,198531,133,88237,63297.2,29452.0,1.36406317024246,1.3818086316112417,74880.04296579963,5607020834.559999,0.0,38.46153846153847,40.0,0.0,38.46153846153847,23.384615384615387,38.46153846153847,-3.3272651036307304,-0.6045998214205522,19.10172085559232,364.8757396449705,1
155362,4010,2538,65635,44410,54391.0,44410.0,1.6084554525323913,1.2985170093705234,55943.130959931084,3129633901.6,50.27027027027027,33.33333333333333,0.0,36.04651162790697,43.58974358974359,32.64797176425083,36.04651162790697,2.9648049820331197,-1.592217174588842,17.367657466227026,301.6355258641913,19883,298250,17652,47695,178144,112324.8,47695.0,-0.45616654269743284,1.0737540386734556,110077.95744725643,12117156715.759998,26.08695652173913,43.95973154362416,35.294117647058826,50.0,46.42857142857143,40.353875428198705,43.95973154362416,-0.44896239775345004,-0.8660576020543538,8.626679233217189,74.4195945928207,0
2201,32725,12717,1914,15933,13098.0,12717.0,0.77724318393944,1.0134311417714816,11289.180483985541,127445596.0,25.0,33.33333333333333,0.0,16.666666666666664,35.0,22.0,25.0,0.35710800874129367,-1.0127943532034644,12.797569213634977,163.77777777777777,74918,181793,85400,17537,39636,79856.8,74918.0,1.8829950913879516,1.2449473187949116,56475.796420767714,3189515581.3599997,61.53846153846154,59.25925925925925,62.5,75.0,66.66666666666666,64.99287749287748,62.5,1.532061050511765,1.328872264908915,5.549159880564803,30.793175380069975,0
38853,67280,341306,16932,2900,93454.2,38853.0,4.400675555304865,2.0737954469160833,125819.39817118821,15830520956.16,50.0,50.0,46.590909090909086,66.66666666666666,100.0,62.65151515151515,50.0,2.4324782339065907,1.6521486738625255,19.94540298143478,397.8191000918274,40474,14503,3634,58554,17127,26858.4,17127.0,-1.0040849732670456,0.7218288828892512,19883.28158629757,395344886.64,57.14285714285714,54.54545454545454,40.0,30.0,57.14285714285714,47.76623376623376,54.54545454545454,-1.236210459934598,-0.9387428956955794,10.933923499053328,119.55068308315057,1
68066,198963,50023,11570,32801,72284.6,50023.0,3.5155917158007615,1.7974708509827402,66039.39698271026,4361201953.84,57.6271186440678,63.1578947368421,100.0,66.66666666666666,71.42857142857143,71.77605029522961,66.66666666666666,3.3092359395472686,1.731140154801697,14.814065962198386,219.45655033236477,7060,6230,212225,80522,428,61293.0,7060.0,2.2193106402791507,1.6215617615259914,81028.29573426805,6565584709.6,60.0,0.0,54.54545454545454,56.94444444444444,0.0,34.29797979797979,54.54545454545454,-3.307459445333432,-0.5912107778013499,28.057509773832443,787.2238547087031,1
205746,296964,5273,256889,32519,159478.2,205746.0,-2.8504399441944273,-0.3729271354819407,118684.28762629029,14085960129.36,49.43820224719101,48.148148148148145,33.33333333333333,48.148148148148145,50.0,45.813566375364125,48.148148148148145,4.73857692263082,-2.161581201941986,6.282053367933834,39.46419451756882,14862,162095,8215,31674,121946,67758.4,31674.0,-2.2076296381059466,0.7264094674367564,62419.90008514913,3896243926.6400003,35.714285714285715,44.24778761061947,58.333333333333336,62.5,53.84615384615385,50.92831210087847,53.84615384615385,-1.1644499558265207,-0.5953337253343413,9.729831520588068,94.66962141902911,0
22514,78060,35229,158959,15584,62069.2,35229.0,1.655054151800126,1.4589774716402233,53083.37410300894,2817844606.16,100.0,52.0,56.41025641025641,54.45544554455446,47.05882352941176,61.98490509684452,54.45544554455446,4.503657984737086,2.0860967209072165,19.263453223007634,371.0806300750032,97867,258133,29643,88820,121946,119281.8,97867.0,2.612832741996983,1.314823938106376,75773.85180495975,5741676617.360002,60.71428571428571,45.83333333333333,57.14285714285714,51.724137931034484,53.84615384615385,53.8521535935329,53.84615384615385,0.07946753279683705,-0.38892807805776936,5.0348297312699035,25.349510422879373,1
38340,41290,2395,278575,3536,72827.2,38340.0,4.505139058157766,2.0969966005551397,104190.29162719529,10855616869.359999,54.83870967741935,50.0,50.0,42.857142857142854,50.0,49.53917050691244,50.0,2.3372699646687494,-0.791416881313222,3.8307101273033015,14.674340079424075,21831,482366,7925,564007,121946,239615.0,121946.0,-2.899216986330277,0.543533477483977,236268.6343897556,55822867596.4,0.0,54.94505494505495,0.0,55.080213903743314,53.84615384615385,32.77428453899042,53.84615384615385,-3.33167447346971,-0.6074183556562034,26.76351499862214,716.2857350814722,1
29592,2676,22636,275632,377763,141659.8,29592.0,-2.1950345829609788,0.7874590410419865,154748.5863255623,23947124969.760002,50.0,33.33333333333333,46.666666666666664,40.0,44.44444444444444,42.88888888888889,44.44444444444444,0.021182731697076296,-0.7409456020117693,5.777777777777779,33.38271604938273,15773,2980,12948,161019,109053,60354.6,15773.0,-1.6129226834082537,0.8836015166534824,63295.50552322021,4006321019.44,28.57142857142857,50.0,63.1578947368421,50.63291139240506,43.47826086956522,47.16809911404819,50.0,1.1898236889905327,-0.4850261888714837,11.270751637331132,127.0298424704024,0
148422,14492,90784,36889,99625,78042.4,90784.0,-1.1316457160759263,0.09522209345043736,47568.26833341739,2262740152.24,50.81967213114754,45.45454545454545,50.0,25.0,54.13533834586466,45.08191118631153,50.0,3.6223756183100466,-1.8594938481991115,10.416295452467867,108.49921095310276,66678,851162,57161,48637,377763,280280.2,66678.0,1.6920527713863276,1.5192785952589374,311279.8018589706,96895115045.36002,60.0,25.0,66.66666666666666,46.666666666666664,44.44444444444444,48.55555555555556,46.666666666666664,0.09331154740835279,-0.5718531381977772,14.382774333586136,206.86419753086412,0
7623,1629,28418,42191,79222,31816.6,28418.0,0.3560617368541785,0.9154260122685179,27795.942442018404,772614416.24,66.66666666666666,0.0,51.162790697674424,41.46341463414634,52.27272727272727,42.31311985424294,51.162790697674424,2.890043521372431,-1.533085142241388,22.63505161060125,512.3455614145821,15649,86716,76530,86036,377763,128538.8,86036.0,4.261469929858817,1.983958906315442,127371.39293797489,16223471738.960001,46.666666666666664,35.714285714285715,61.53846153846154,44.44444444444444,44.44444444444444,46.56166056166056,44.44444444444444,2.4248404445182956,1.0464827949789866,8.377903592597079,70.18926860685103,0
449361,36275,37453,170933,6915,140187.4,37453.0,2.5232398255978943,1.668624117398763,164710.2202507179,27129456655.039997,45.23809523809524,61.904761904761905,39.62264150943396,49.24242424242424,100.0,59.20158457894307,49.24242424242424,2.7457654777513483,1.6601701598816205,21.676331744202,469.8633578846993,11009,37326,193425,86250,26547,70911.4,37326.0,2.1213215156409486,1.542084402983639,66225.87325388771,4385866288.24,61.53846153846154,50.943396226415096,36.36363636363637,50.0,52.17391304347826,50.20388143439825,50.943396226415096,2.107231067988459,-0.6768367850846858,8.055986147727097,64.89891281237087,1
11009,133777,39376,3513,22050,41945.0,22050.0,3.7117524252201592,1.8951011390900212,47475.42886588809,2253916346.0,61.53846153846154,56.84210526315789,48.0,20.0,41.66666666666667,45.60944669365722,48.0,1.142022497003894,-1.1042616480774214,14.539670916990838,211.4020303743892,33409,38127,71864,18401,50442,42448.6,38127.0,0.46536903130381324,0.5809902342509011,17932.305268425473,321567572.23999995,33.33333333333333,64.28571428571429,51.06382978723404,50.0,33.33333333333333,46.403242147922995,50.0,-1.3436872785242298,0.25428641975421656,11.79903035670674,139.2171173584872,1
18222,64497,90248,55228,22444,50127.8,55228.0,-1.5248692302937585,0.21341324335687173,26931.35441376835,725297850.56,25.0,0.0,30.76923076923077,57.971014492753625,41.17647058823529,30.98334317004394,30.76923076923077,0.7623630060082967,-0.39415613421806145,19.120920707902602,365.6096087178986,11009,47135,22659,74253,14129,33837.0,22659.0,-0.24612526360086795,1.0418090225311267,23852.71637361246,568952078.4,61.53846153846154,50.0,58.333333333333336,50.0,50.0,53.974358974358985,50.0,-2.262017598460859,0.7938736808453265,4.971979340939826,24.72057856673242,0
334896,20008,11222,58580,1415,85224.2,20008.0,4.511728460939494,2.1105927294331246,126332.40396731156,15959876292.16,40.298507462686565,47.368421052631575,40.0,50.0,0.0,35.53338570306363,40.298507462686565,4.115901562495949,-1.9801514669973939,18.191368937637222,330.92590382523235,61129,1278649,204678,69549,132920,349385.0,132920.0,4.752459008549995,2.1693973489474154,467488.71691239777,218545700440.4,44.44444444444444,53.159851301115246,62.7906976744186,59.210526315789465,55.10204081632652,54.941512110418856,55.10204081632652,0.720743882888983,-0.7457757688119323,6.216473447102181,38.64454211852647,0
9937,528,334896,8889,39693,78788.6,9937.0,4.780024307953288,2.178516172868366,128740.57999651859,16574136937.84,80.0,100.0,40.298507462686565,60.0,50.0,66.0597014925373,60.0,-0.9465501381617565,0.6130167597714071,21.468809456066825,460.9097794609044,2719,2462,3403,379489,8542,79323.0,3403.0,4.995588307256843,2.234849445633961,150099.44040801752,22529842010.8,0.0,0.0,0.0,52.74725274725275,43.75,19.29945054945055,0.0,-2.9568294921075866,0.6732551182106454,23.80752492313776,566.7982429658256,1
334896,37960,31547,41029,7217,90529.8,37960.0,4.821936516951611,2.1825045870763486,122758.90689868496,15069749222.960001,40.298507462686565,43.54838709677419,50.0,33.33333333333333,45.45454545454545,42.52695466946791,43.54838709677419,0.6317677367616263,-0.595600603982794,5.566851331700027,30.989833749250362,872072,35903,6598,8680,55625,195775.6,35903.0,4.942104886270307,2.2200801272896467,338635.8479089891,114674237489.04001,51.798561151079134,50.0,50.0,0.0,68.0,43.95971223021583,50.0,3.650678916502798,-1.7187633449917408,22.999171465533923,528.9618881010299,1
8503,96466,59676,36196,12763,42720.8,36196.0,-0.41222478621560077,0.8054717353695323,32517.459810999993,1057385192.5599998,53.84615384615385,53.125,54.54545454545454,57.14285714285714,66.66666666666666,57.06522644022643,54.54545454545454,3.4800598599381942,1.860233927023536,4.988601890625197,24.88614882314929,767,8389,18063,73083,3435,20747.4,8389.0,4.012227289779571,1.9813090694918143,26824.938617637134,719577331.8399999,0.0,66.66666666666666,0.0,47.82608695652174,50.0,32.89855072463768,47.82608695652174,-2.8221806004476186,-0.3441782455461729,27.641294611900616,764.041167821886,1
3726,45075,122059,19181,3557,38719.6,19181.0,2.644844548785077,1.6601786007319563,44336.359957037515,1965712814.2399998,100.0,100.0,48.201438848920866,100.0,100.0,89.64028776978418,100.0,5.000000000000009,-2.2360679774997916,20.719424460431654,429.2945499715335,18066,3723,73132,13561,15868,24870.0,15868.0,4.295542576342763,2.006216685596989,24623.729018976795,606328030.8,40.74074074074074,33.33333333333333,45.0,33.33333333333333,25.0,35.48148148148148,33.33333333333333,-0.5142485427946868,-0.14901131198859974,6.889884436228349,47.47050754458163,1
5145,36906,96466,363883,188818,138243.6,96466.0,0.7282867134019009,1.1314279992634757,128996.76207192178,16640164625.039999,50.0,100.0,53.125,47.368421052631575,57.89473684210527,61.67763157894736,53.125,4.351692633518397,2.0604016833274423,19.479128861908496,379.4364612188366,47518,23992,52164,3048,11453,27635.0,23992.0,-2.590951936285813,0.14226621866993647,19373.4595361799,375330934.4,16.666666666666664,62.857142857142854,72.72727272727273,20.0,50.0,44.45021645021645,50.0,-2.6997327065277172,-0.1835844493210257,22.534177029271273,507.78913438653706,1
13098,16252,54291,4316,29468,23485.0,16252.0,1.191501965313586,1.1847757543705413,17392.311772734527,302492508.8,38.88888888888889,45.45454545454545,46.666666666666664,50.0,33.33333333333333,42.86868686868687,45.45454545454545,-0.8894638381402573,-0.6909296243723537,5.978774141125312,35.745740230588716,299463,2514,285588,3931,45546,127408.4,45546.0,-3.2372812568868374,0.5564999597159247,135772.09082370353,18434060646.64,45.25547445255474,0.0,40.79601990049751,20.0,57.89473684210527,32.7892462390315,40.79601990049751,-0.62608710717483,-0.6660210994090007,20.437712284133156,417.70008340900733,1
49026,130353,35209,80264,7518,60474.0,49026.0,0.2474831657953338,0.7322387700607884,42067.64458821055,1769686721.2,53.57142857142857,55.26315789473685,40.0,44.71544715447154,46.15384615384615,47.94077595489663,46.15384615384615,-1.9208487055514958,0.05037106782634624,5.691630924639343,32.3946625823109,21694,97563,216565,259658,26513,124398.6,97563.0,-2.6204102867428056,0.3901124629145895,97611.19357245868,9527945110.64,35.0,50.71428571428571,50.0,51.574803149606296,0.0,37.4578177727784,50.0,2.9519427239250478,-1.7712230565852145,19.70511879658418,388.2917067874952,1
23207,58811,5005,28405,27843,28654.2,27843.0,2.1520325415040524,0.8061126541934861,17315.365319853925,299821876.16,52.94117647058824,50.0,100.0,100.0,60.0,72.58823529411765,60.0,-3.2187760579212172,0.5177867381537651,22.616404004699913,511.5017301038062,25802,15936,58812,48138,59281,41593.8,48138.0,-2.3842963911247708,-0.536274537591739,17662.579974624317,311966731.36,50.0,39.39393939393939,58.82352941176471,65.38461538461539,44.44444444444444,51.60930572695279,50.0,-1.5724994364158829,0.28226429580206763,9.433392351737535,88.98889126182023,1
8645,22537,15846,23013,101140,34236.2,22537.0,4.5476065793512195,2.1005365482578817,33858.703243922384,1146411785.3600001,50.0,75.0,71.42857142857143,56.00000000000001,59.09090909090909,62.303896103896115,59.09090909090909,-2.2142173429860357,0.2336159041481037,9.443505756774998,89.17980097824253,4795,1740,5199,194553,14962,44249.8,5199.0,4.928883457431053,2.216919938847597,75282.8751826071,5667511295.76,0.0,0.0,50.0,49.596774193548384,36.84210526315789,27.287775891341255,36.84210526315789,-3.152304424527447,-0.42756364153760895,22.777476441200015,518.8134330294217,1
7686,29991,42345,125697,7988,42741.4,29991.0,3.2030546365353576,1.7466637425006393,43545.47343915324,1896208257.0400002,75.0,57.14285714285714,52.38095238095239,25.0,63.63636363636363,54.63203463203463,57.14285714285714,1.8969922284401193,-1.0882596697463347,16.64548606358449,277.07220629298547,114651,55926,108359,42960,60676,76514.4,60676.0,-2.8929483811135013,0.4454978089248842,29220.2453692641,853822739.44,48.91304347826087,37.5,38.70967741935484,52.17391304347826,63.63636363636363,48.18659951549152,48.91304347826087,-0.5678813299867742,0.569203488330419,9.582662083292352,91.82741260256891,1
13024,37923,158148,22429,86473,63599.4,37923.0,0.7146758738227525,1.2399478494688083,53618.63440484101,2874957955.44,66.66666666666666,40.0,42.10526315789473,50.0,44.44444444444444,48.64327485380117,44.44444444444444,2.6220174723489444,1.631960535398022,9.610050254843568,92.35306590061893,461787,336164,51304,19485,6322,175012.4,51304.0,-2.156405651910082,0.7805759842625342,187701.09260268038,35231700164.24,49.30555555555556,48.57142857142857,0.0,50.0,25.0,34.57539682539682,48.57142857142857,0.4119353138964925,-1.2739124516437121,19.68720982741363,387.5862307886117,1
152860,13218,2979,81058,55077,61038.4,55077.0,0.3267329935430765,0.9080975164711841,53898.44800214566,2905042697.04,47.674418604651166,60.0,50.0,32.22222222222222,50.0,47.97932816537468,50.0,2.2662779069052714,-0.8960195460728616,8.955915790428154,80.20842764524033,51279,59507,4533,330162,49821,99060.4,51279.0,4.5137671684266625,2.0785543161644195,117145.57697429298,13723086204.640001,51.162790697674424,61.224489795918366,100.0,54.54545454545454,53.125,64.01154700780947,54.54545454545454,4.293036904959713,2.0561523314750905,18.30929156275466,335.230157529959,0
32732,144477,23862,233477,103314,107572.4,103314.0,-0.5068714190273624,0.6726683292735567,77253.56731336101,5968113662.64,0.0,54.54545454545454,81.81818181818183,40.69767441860465,54.166666666666664,46.245595489781536,54.166666666666664,1.7246247356938875,-0.829328234883906,26.707581161315673,713.2948914882638,4868,23636,2305,7440,394507,86551.2,7440.0,4.952427662954574,2.223220344282228,154157.8713441516,23764649297.359997,33.33333333333333,78.57142857142857,66.66666666666666,44.44444444444444,53.48837209302325,55.30084902177926,53.48837209302325,-1.1445917112885766,0.15996652595429264,15.965087045171773,254.88400435991156,0
1537,11496,123917,68956,28837,46948.6,28837.0,0.16299750465811735,1.0660332594786939,44845.49156648859,2011118113.8399997,66.66666666666666,33.33333333333333,65.71428571428571,25.0,52.63157894736842,48.669172932330824,52.63157894736842,-2.50116249373744,-0.3730014690864445,16.88528374296261,285.1128070803574,75651,35849,4943,4688,310110,86248.2,35849.0,3.9538200052055927,1.966456432719016,114916.56736850436,13205817455.76,45.45454545454545,33.33333333333333,66.66666666666666,44.44444444444444,50.54945054945055,48.08968808968809,45.45454545454545,1.6100341961061577,0.7333407712408759,10.854827018834586,117.82726960882135,0
9243,3495,3058,8109,16162,8013.4,8109.0,0.5227395533640369,0.914251795679479,4751.6873887073,22578533.04,33.33333333333333,75.0,50.0,0.0,33.33333333333333,38.33333333333333,33.33333333333333,0.8590534979423845,-0.11551761758082135,24.49489742783178,600.0,9804,18238,18985,2016,333395,76487.6,18238.0,4.954089528871596,2.223023390717575,128603.03168837039,16538739759.439999,61.53846153846154,50.0,64.70588235294117,66.66666666666666,51.33333333333333,58.84886877828054,61.53846153846154,-2.9320752296449086,-0.3819151502081833,6.891186149459575,47.48844654650348,0
56178,4797,1423,61933,34510,31768.2,34510.0,-2.877370287036936,-0.10407991081801417,25145.766064290026,632309550.9599999,57.14285714285714,50.0,0.0,48.64864864864865,33.33333333333333,37.82496782496783,48.64864864864865,2.1805571929640326,-1.533019340648155,20.442442584488276,417.89345882009974,85666,23246,801533,26200,31489,193626.8,31489.0,4.883688363187035,2.2054082867140083,304813.22113412333,92911099778.15999,64.1025641025641,33.33333333333333,48.764629388816644,65.21739130434783,31.03448275862069,48.49048017753652,48.764629388816644,-2.938356414898426,-0.030601784955568884,14.546840374887799,211.6105648924658,0
16814,26833,8166,31275,92421,35101.8,26833.0,3.6641625882286277,1.8328234472808478,29760.675700662443,885697818.1600001,45.45454545454545,46.34146341463415,41.66666666666667,0.0,50.0,36.692535107169256,45.45454545454545,4.597350738860553,-2.122772766593254,18.536706190939558,343.6094764092169,12108,3548,4257,186950,20066,45385.8,12108.0,4.855234453578679,2.196680973090555,71036.47888908909,5046181332.960001,100.0,50.0,100.0,51.61290322580645,14.285714285714285,63.17972350230415,51.61290322580645,-1.5488641458798977,-0.17498998918055755,32.892510098536135,1081.9172205823015,0
180342,5609,162741,32457,8830,77995.8,32457.0,-3.1216636698630293,0.5689711880900018,77141.47080111968,5950806517.36,35.13513513513514,0.0,58.18181818181818,20.0,25.0,27.663390663390665,25.0,0.8301869860734805,0.3096478448849158,19.069796920415843,363.65715458590154,25452,148588,56140,19137,15244,52912.2,25452.0,3.26219819976985,1.8250426329955458,49955.97543597763,2495599481.7599998,36.36363636363637,50.0,55.55555555555556,50.0,47.61904761904761,47.907647907647906,50.0,2.5466870375210267,-1.2586699509577792,6.3339380894119355,40.11877172050332,0
55863,47295,110042,132302,21297,73359.8,55863.0,-1.992529408566001,0.38155212837320623,41269.39226787814,1703162738.1599998,32.67326732673268,54.41176470588235,30.76923076923077,53.0,50.0,44.17085256036916,50.0,-3.1355035774584117,-0.5393619640058229,10.282091409759643,105.72140375865304,20890,2189,20868,24517,8830,15458.8,20868.0,-1.6412890277694032,-0.7616616899175306,8495.139160720088,72167389.36,42.857142857142854,0.0,55.55555555555556,47.61904761904761,25.0,34.2063492063492,42.857142857142854,0.39825270840419336,-1.0717154912408573,19.826025890104958,393.0713025951121,1
4024,99981,302597,99661,50583,111369.2,99661.0,2.9517986639856773,1.5516619122233026,102032.15043583076,10410559722.56,50.0,56.36363636363636,49.77777777777778,61.111111111111114,43.83561643835616,52.21762833817628,50.0,-0.6626697677201911,0.22619528186247806,5.956715337696665,35.4824576143507,5146,21018,569143,193893,8830,159606.0,21018.0,2.7428334702199564,1.7283645794776703,216653.6776784553,46938816051.6,75.0,59.375,55.4089709762533,61.31386861313869,25.0,55.21956791787839,59.375,2.7082211343696105,-1.3014992416843951,16.485944126865093,271.7863537541176,0
24399,8941,416753,1240,11047,92476.0,11047.0,4.957389014333637,2.224341569626723,162310.09618628165,26344567324.0,0.0,50.0,54.166666666666664,0.0,0.0,20.833333333333332,0.0,-3.262562245359892,0.6207020914804025,25.549516194593153,652.7777777777777,6801,154976,153097,86570,58158,91920.4,86570.0,-1.5747453474727529,-0.28580577374064053,56802.15448237857,3226484753.84,57.14285714285714,53.06122448979592,53.205128205128204,56.41025641025641,63.793103448275865,56.722513939262704,56.41025641025641,1.7950635351392465,1.3115927725740435,3.8998582541847804,15.208894402733161,0
149558,52381,2333,10428,3565,43653.0,10428.0,2.7382365110732723,1.7212754777271027,56054.14842453679,3142067555.6,66.66666666666666,31.25,33.33333333333333,33.33333333333333,100.0,52.916666666666664,33.33333333333333,0.23809956552202172,1.2401431478208895,26.99022456783608,728.4722222222223,33776,39042,12457,7365,119712,42470.4,33776.0,3.319088512769871,1.7542878649889089,40464.31656954063,1637360915.4400003,75.0,49.152542372881356,33.33333333333333,33.33333333333333,57.14285714285714,49.59241323648103,49.152542372881356,-0.6178948988156385,0.6352523001254677,15.693715387374676,246.29270265992068,1
16906,150228,115731,372728,100346,151187.8,115731.0,2.8937080863162947,1.4595610977070637,119125.69541186318,14190931307.36,83.33333333333334,50.0,50.0,52.63157894736842,66.66666666666666,60.526315789473685,52.63157894736842,0.47919013131289967,1.2651726803054348,12.975341815509193,168.3594952293014,55347,2148,220,553053,302205,182594.6,55347.0,-0.129062437578515,1.138459322958325,216129.35746964134,46711899160.240005,50.0,50.0,0.0,29.411764705882355,52.17391304347826,36.31713554987212,50.0,1.4466691347892766,-1.4661125897947531,19.962451916754564,398.499486528738,1
4347,28224,3117,1069,38818,15115.0,4347.0,-2.10118751898504,0.7967590993872322,15432.887182896142,238174006.8,20.0,45.23809523809524,0.0,50.0,47.05882352941176,32.4593837535014,45.23809523809524,-0.7387895418920309,-1.033621188234889,19.45744158134846,378.592032891588,273030,2748,11851,151416,27196,93248.2,27196.0,-0.1244727562674881,1.1507795427792988,104769.91176936247,10976734412.159998,54.6875,100.0,50.0,50.0,66.66666666666666,64.27083333333333,54.6875,2.8460158022057556,1.7259044166788229,18.875735820830343,356.2934027777777,0
85742,458731,5999,743902,144751,287825.0,144751.0,-0.6472924697997229,0.9510396188381635,274935.88103628816,75589738681.2,55.55555555555556,40.0,100.0,47.752808988764045,55.55555555555556,59.77278401997503,55.55555555555556,3.655132364964186,1.8053973226925106,20.92482604466432,437.84834499946226,34958,88538,184922,27467,30009,73178.8,34958.0,2.089801820968308,1.5927926149550822,60227.03315754479,3627295522.96,34.72222222222222,68.08510638297872,49.333333333333336,33.33333333333333,50.0,47.094799054373524,49.333333333333336,-0.007896039461092297,0.7093666883522648,12.621432773347848,159.30056525213917,1
79455,84684,18032,10378,24062,43322.2,24062.0,-3.1360557578178616,0.5367684964458258,31975.76447498949,1022449513.76,52.63157894736842,31.25,0.0,36.36363636363637,60.0,36.04904306220096,36.36363636363637,0.8832335845368791,-0.9441679638624629,20.838868124625947,434.2584247155513,21625,76892,5999,13606,11724,25969.2,13606.0,4.261044825929568,2.0344798887989968,25948.36009770174,673317391.76,44.44444444444444,62.0,100.0,41.66666666666667,50.0,59.62222222222223,50.0,2.8506765689996714,1.7028948893865337,21.36058444662118,456.2745679012346,0
43715,25462,76299,142059,31962,63899.4,43715.0,1.693041245560437,1.449856823509426,42819.42174574524,1833502878.64,54.54545454545454,44.0,39.0625,48.86363636363637,26.53061224489796,42.60044063079777,44.0,0.587509034298801,-0.7707417358945647,9.53547222633923,90.92523057928683,53299,57269,28009,2392632,42956,514833.0,53299.0,4.997684638519371,2.2354180046129013,938953.996930414,881634608351.6,53.57142857142857,68.18181818181817,53.57142857142857,52.72727272727272,42.5531914893617,54.121027908261944,53.57142857142857,2.214598037990303,0.6708859231809174,8.173950512426632,66.8134669795996,0
118945,6185,67359,10158,40681,48665.6,40681.0,0.031763069334301175,0.9106043830566114,41568.80498450731,1727965547.8400002,48.529411764705884,62.5,50.943396226415096,57.14285714285714,27.27272727272727,49.277678481341084,50.943396226415096,2.251772430154645,-1.3429992060971483,12.035308206268015,144.84864361986223,53299,7961,22588,3797,4142,18357.4,7961.0,2.2443753173972,1.6082217111723516,18766.893004437363,352196273.04,53.57142857142857,60.0,0.0,0.0,0.0,22.714285714285715,0.0,-3.1922921565323006,0.6327537892555708,27.89338302046797,778.0408163265307,1
22019,45091,65978,459791,30812,124738.2,45091.0,4.84211213118261,2.193014147708969,168184.53047459509,28286036290.96,40.0,40.0,47.22222222222222,49.59183673469388,61.111111111111114,47.585034013605444,47.22222222222222,0.7849599454291578,1.0216120396753887,7.774048278472486,60.43582663602102,53299,69370,7887,25245,35044,38169.0,35044.0,-0.9105473834224136,0.11754079765352722,21429.952057809183,459242845.2,53.57142857142857,58.82352941176471,16.666666666666664,43.333333333333336,27.083333333333332,39.89565826330532,43.333333333333336,-1.9415116172133176,-0.3914538300880594,15.879863540523326,252.170066065642,1
148227,9220,29668,26290,2292,43139.4,26290.0,4.2928662371384405,2.033240776530135,53530.963666274496,2865564071.0400004,48.529411764705884,40.0,0.0,0.0,25.0,22.705882352941178,25.0,-2.683463566622719,-0.03747486649421484,20.01158833826214,400.46366782006925,47728,1102,6291,20656,427836,100722.6,20656.0,4.801794180798106,2.1831217483801133,164355.62390572464,27012771109.440002,44.44444444444444,100.0,25.0,75.0,48.21052631578947,58.53099415204679,48.21052631578947,-0.569951901332614,0.5697092518574339,26.15407083987525,684.0354214972128,0
14583,395,10084,305999,15560,69324.2,14583.0,4.959658973852813,2.2244735571678396,118459.09424168327,14032557008.559998,0.0,0.0,41.17647058823529,45.28301886792453,33.33333333333333,23.95856455789863,33.33333333333333,-3.1305227008363694,-0.44705420262931317,19.93539846921924,397.4201121265488,9887,139069,36467,32236,204972,84526.2,36467.0,-1.3331487633033987,0.8774816897116747,74962.75030546838,5619413933.36,100.0,33.33333333333333,46.42857142857143,100.0,41.66666666666667,64.28571428571429,46.42857142857143,-3.183533343771506,0.5152363134480593,29.46037732615702,867.9138321995466,0
301076,4932,14961,192664,9257,104578.0,14961.0,-1.3333271950660852,0.9543297560675587,121175.27177275074,14683446489.2,76.59574468085107,66.66666666666666,41.66666666666667,58.490566037735846,83.33333333333334,65.35059547705073,66.66666666666666,-0.20733187650143625,-0.6154881459349186,14.557147884137574,211.91055452065106,30830,63666,63442,487610,3703,129850.2,63442.0,4.701425653556726,2.1488733278643832,180277.88989712522,32500117585.76,40.0,44.44444444444444,50.602409638554214,38.666666666666664,50.0,44.74270414993306,44.44444444444444,-2.833678429147903,0.038552947478808164,4.929010875871073,24.295148214455324,1
15223,2419,26829,42488,161745,49740.8,26829.0,3.976690529105861,1.9494958896929633,57538.379846498974,3310665155.3599997,9.090909090909092,0.0,61.904761904761905,31.57894736842105,36.58536585365854,27.831996843550115,31.57894736842105,-0.6498335655450127,0.34904028897662537,21.805792095822003,475.4925689262133,15582,99895,28502,24359,47606,43188.8,28502.0,2.6350913012141906,1.6364562999134802,30224.174572020987,913500728.5600001,50.0,53.90070921985816,66.66666666666666,61.76470588235294,53.84615384615385,57.23564712300632,53.90070921985816,-1.3383917140037138,0.6347091868716247,6.073245716400245,36.88431353177392,0
5676,143213,6133,35122,51364,48301.6,35122.0,2.72111989867026,1.6144785557008192,50569.52956316679,2557277320.24,50.0,47.368421052631575,0.0,33.33333333333333,50.943396226415096,36.329030122476,47.368421052631575,2.7239266045099484,-1.713977490435283,19.24118444905709,370.2231790026364,19979,757652,14469,2262,4440,159760.4,14469.0,4.99059164548504,2.233445288125165,299016.04261617805,89410593741.84,40.0,49.297573435504475,66.66666666666666,100.0,16.666666666666664,54.52618135376756,49.297573435504475,0.4688694732131906,0.5275028332229277,27.88171696194993,777.3901407462865,0
111203,177305,42226,486361,51364,173691.8,111203.0,3.256697642956091,1.783268175797155,163662.62932679532,26785456238.16,51.92307692307693,39.75903614457831,0.0,42.04545454545455,50.943396226415096,36.934192767904975,42.04545454545455,3.788403168860299,-1.8950045984852117,19.07440044791571,363.8327524474471,4847,36487,833467,65223,5892,189183.2,36487.0,4.903778169534364,2.2097449316413456,322911.5588667585,104271874849.76001,20.0,50.0,52.331606217616574,39.473684210526315,62.5,44.86105808562858,50.0,0.9322580324028493,-0.9417409248800955,14.425297859367301,208.08921833146687,0
5673,44087,70689,8571,28364,31476.8,28364.0,-0.5920464709105375,0.706986049776907,24069.96080096517,579363012.9599999,0.0,12.5,55.26315789473685,0.0,42.857142857142854,22.124060150375943,12.5,-2.440518364298955,0.572277467112866,22.80189082812609,519.9262253377807,93739,98046,33215,15035,10279,50062.8,33215.0,-3.1141335278114504,0.44360913499316884,38219.21979528101,1460708761.76,66.15384615384615,50.0,87.5,41.66666666666667,29.411764705882355,54.94645550527904,50.0,-0.3178937861594342,0.6083608053665697,20.189995107498167,407.6359024407999,0
162255,17953,245562,168313,45042,127825.0,162255.0,-1.8661756745804028,-0.07659275031670748,84393.82167670806,7122317137.2,40.0,53.84615384615385,58.333333333333336,38.70967741935484,51.85185185185185,48.54820329013877,51.85185185185185,-2.6575540196047855,-0.28548035621796086,7.805120302405879,60.91990293502844,148724,1153,30371,48735,25025,50801.6,30371.0,3.4257745393378274,1.7503255240018167,51263.81426152369,2627978652.6399994,51.724137931034484,100.0,71.42857142857143,51.515151515151516,65.51724137931035,68.03702045081356,65.51724137931035,1.5448993316702282,1.266317653942959,17.768321561120704,315.7132510993869,0
257352,41431,61069,7277,121227,97671.2,61069.0,1.7218764446444776,1.364231877720066,88007.52937879803,7745325227.359999,18.75,53.333333333333336,51.19047619047619,0.0,28.57142857142857,30.36904761904762,28.57142857142857,-1.466135450791782,-0.3097771945104392,20.10673052101952,404.28061224489795,11670,48462,92865,59076,93568,61128.2,59076.0,-0.5443045382225571,-0.5944325540546719,30562.469771927794,934064558.5600001,50.0,50.0,60.0,56.9620253164557,100.0,63.39240506329114,56.9620253164557,4.13717724002542,1.9982389545538557,18.71730338275596,350.3374459221278,0
6218,13387,19047,18563,8689,13180.8,13387.0,-2.519013863808465,-0.15459154837138941,5139.644906022205,26415949.759999998,100.0,72.72727272727273,83.33333333333334,42.857142857142854,100.0,79.78354978354979,83.33333333333334,0.7270254705469625,-1.0707851648289672,21.181884979143238,448.6722512696539,6072,60300,31187,19655,36482,30739.2,31187.0,0.5688004979573984,0.4850526106466664,18101.66522063647,327670283.76,0.0,50.0,48.717948717948715,42.857142857142854,0.0,28.315018315018314,42.857142857142854,-3.2734435383899916,-0.5611359427344172,23.244233307481316,540.2943820526237,1
13342,100015,60620,27454,166590,73604.2,60620.0,-0.02721761739935369,0.8883771960016358,55269.978318794376,3054770503.36,24.137931034482758,48.59154929577465,41.509433962264154,33.33333333333333,64.28571428571429,42.371592382313835,41.509433962264154,0.011900415734809489,0.4629681990686584,13.666136635695796,186.76329054550683,6218,13387,22137,51664,8277,20336.6,13387.0,2.8149168845164683,1.684801464797403,16599.477035135777,275542637.84,100.0,72.72727272727273,43.75,85.71428571428571,35.294117647058826,67.49713521772347,72.72727272727273,-2.2408762852294566,-0.12597037740087919,24.56263789312346,603.3231802687044,0
34039,15504,7020,30121,121163,41569.4,30121.0,3.927747372316377,1.9210032091114775,40977.99425350148,1679196013.0400002,47.61904761904761,100.0,100.0,58.620689655172406,51.61290322580645,71.5705281000053,58.620689655172406,-3.20201505737582,0.5089812493897884,23.478280467791446,551.2296537242773,3894,27714,107348,2630,26453,33607.8,26453.0,3.5268784597268708,1.8160827943107438,38382.49377203102,1473215828.16,0.0,47.05882352941176,66.66666666666666,50.0,50.0,42.745098039215684,50.0,3.5341322767882577,-1.6717752199437275,22.46446208795554,504.6520569011917,1
14702,13944,57566,241751,233462,112285.0,57566.0,-3.20434712289492,0.5113142294744614,103569.17844223735,10726574723.2,50.0,100.0,36.36363636363637,37.11340206185567,47.72727272727273,54.240862230552956,47.72727272727273,3.94804842772068,1.940055599439616,23.52554163714864,553.4511093212143,35454,19008,293803,5694,116714,94134.6,35454.0,2.3272501661829157,1.6176341439592927,107038.73862784445,11457291567.039999,46.875,33.33333333333333,57.14285714285714,0.0,43.333333333333336,36.136904761904766,43.333333333333336,2.372752706810421,-1.4372015462070562,19.606535683200097,384.4162414965986,1
61427,5349,293623,4551,149530,102896.0,61427.0,0.5709559475796184,1.169963628978905,109048.93642764243,11891670536.0,20.0,25.0,31.25,0.0,47.16981132075472,24.683962264150942,25.0,1.0370751490841146,-0.28700865855810104,15.362705717063392,236.0127269490922,22081,28388,105582,14787,97077,53583.0,28388.0,-3.129706507691415,0.575208384390148,39313.91021508799,1545583536.4,71.42857142857143,60.0,62.5,61.111111111111114,36.61971830985916,58.331880169908345,61.111111111111114,3.201054808028381,-1.5138336111500856,11.582929386574051,134.16425317436074,0
124452,335758,2905,285576,57528,161243.8,124452.0,-2.4601528053659174,0.2924636716068446,128915.07379728717,16619096252.159998,38.59649122807017,49.056603773584904,50.0,45.744680851063826,66.66666666666666,50.01288850387711,49.056603773584904,2.3465323414119528,1.1538512089491975,9.239206643656306,85.36293940418284,838,8774,86512,750,51485,29671.8,8774.0,-0.7473404585534844,1.0288160253356542,34091.64300176804,1162240122.56,0.0,37.5,31.03448275862069,0.0,60.9375,25.89439655172414,31.03448275862069,-1.4904178088385032,0.23383254641928847,23.367366828358772,546.033832491082,1
31014,41822,20638,27895,10195,26312.8,27895.0,0.17528768367207093,-0.13472904458187013,10555.82071465786,111425350.96,44.44444444444444,22.22222222222222,0.0,40.0,0.0,21.333333333333332,22.22222222222222,-2.896039123600302,-0.02496462106685027,18.93980066903335,358.71604938271605,8766,17260,30559,70407,140253,53449.0,30559.0,1.254925585643198,1.352379483806063,48275.613905987775,2330534898.0,100.0,100.0,100.0,36.84210526315789,49.01960784313725,77.17234262125903,100.0,-2.8442398625060816,-0.6926868074751253,28.222013907769252,796.4820690103212,0
31014,35600,22457,11349,22646,24613.2,22646.0,-0.11419558520807405,-0.39487150604354804,8320.313585436548,69227618.16,44.44444444444444,50.0,21.052631578947366,53.333333333333336,43.75,42.51608187134503,44.44444444444444,3.2221506000184394,-1.6911074191582471,11.304360170872812,127.78855887281559,2391,86703,4050,6428,72043,34323.0,6428.0,-2.9150446882601657,0.673797232281371,37096.363643893725,1376140195.6,100.0,50.0,50.0,57.14285714285714,55.172413793103445,62.46305418719211,55.172413793103445,4.559601340929314,2.114106303506224,18.97965054602385,360.22713484918347,0
54895,65879,5854,165217,64104,71189.8,64104.0,2.6584259822622087,1.1696341680231894,51872.564553528675,2690762953.3599997,44.086021505376344,57.30337078651685,83.33333333333334,50.98039215686274,25.0,52.14062355641786,50.98039215686274,1.1982687411547985,0.43434043863667543,18.986707457171786,360.4950600642227,31014,28088,21836,30818,5307,23412.6,28088.0,2.581571521790657,-1.6605489924654147,9641.358983047981,92955803.04,44.44444444444444,100.0,50.0,50.0,75.0,63.88888888888889,50.0,0.050981948026185275,1.1617088062601797,20.934937423796413,438.2716049382716,0
162609,28579,71909,79822,32214,75026.6,71909.0,1.7780624314671059,1.3001434756970778,48360.50112478158,2338738069.04,59.4059405940594,47.368421052631575,41.509433962264154,62.295081967213115,54.54545454545454,53.02486642432456,54.54545454545454,-1.5818867540531916,-0.4294231881510262,7.662476767163642,58.71355020732258,17094,4593,185640,62357,351183,124173.4,62357.0,0.38132251150074836,1.1799936601609045,130305.97736496972,16979647737.039999,50.0,50.0,50.26737967914438,45.794392523364486,32.72727272727273,45.757808985956316,50.0,3.69183125016278,-1.9293405542615043,6.72495071476667,45.224962116040736,1
54319,22023,22886,379898,40109,103847.0,40109.0,4.849692135112029,2.1949839474097623,138542.0950657236,19193912105.2,55.55555555555556,42.857142857142854,25.0,49.45054945054945,40.0,42.572649572649574,42.857142857142854,0.9288038695242187,-0.7972957883109036,10.308819813607261,106.27176594942163,34830,6403,4374,79033,71457,39219.4,34830.0,-2.8857608617431016,0.18152749101858165,31415.825442601377,986954088.2400001,52.38095238095239,66.66666666666666,100.0,61.53846153846154,42.857142857142854,64.68864468864469,61.53846153846154,2.1184893609173887,1.2886922234239897,19.436161148280867,377.7643601819426,0
59105,22777,28636,11757,151116,54678.2,28636.0,3.054990363450732,1.7553352579040684,50710.86269982004,2571591595.7599998,50.0,64.28571428571429,35.714285714285715,37.5,58.730158730158735,49.24603174603175,50.0,-2.502172606632545,0.032492302125101284,11.294127643336864,127.55731922398593,3464,13610,72647,118801,12580,44220.4,13610.0,-0.7094082061429448,1.037238364016312,44653.1815780242,1993906625.0400002,28.57142857142857,0.0,50.0,56.666666666666664,45.0,36.04761904761905,45.0,1.0749335196742082,-1.2542321649039387,20.274533024028038,411.05668934240356,1
219054,39946,547,4308,5076,53786.2,5076.0,4.387862251842435,2.0849584388625617,83857.24193985871,7032037025.759999,53.93258426966292,42.857142857142854,0.0,0.0,50.0,29.35794542536115,42.857142857142854,-3.208497716165648,-0.5135576134522792,24.232265853152995,587.2027083778846,4618,2311,41954,69803,8027,25342.6,8027.0,-0.6413002136158825,1.0593845967904005,26504.56347574885,702491885.0400001,60.0,100.0,41.66666666666667,50.0,60.0,62.333333333333336,60.0,2.9948079822225697,1.5812372534198618,20.044395171163877,401.7777777777777,0
273767,71494,8955,4310,76256,86956.4,71494.0,3.2208990280750145,1.726527318730718,98149.30512357182,9633286096.240002,51.08695652173913,46.666666666666664,55.55555555555556,100.0,34.78260869565217,57.61835748792271,51.08695652173913,3.3869086386632974,1.6854055048614835,22.291383658996264,496.9057854325656,4127,39946,192089,32908,313447,116503.4,39946.0,-0.7311978237008803,1.0117404511591046,118302.70172840517,13995529236.24,0.0,42.857142857142854,42.42424242424242,25.0,50.0,32.056277056277054,42.42424242424242,1.008781673212206,-1.281044659967301,18.019581269299614,324.70530912089356,1
39055,39946,8000,96311,371,36736.6,39055.0,1.2081560735553731,1.078072715605025,33802.46560592881,1142606681.04,33.33333333333333,42.857142857142854,35.714285714285715,51.724137931034484,0.0,32.725779967159276,35.714285714285715,2.8066484065273274,-1.4904887458117233,17.57190417390419,308.77181629687146,134649,8676,24578,2859,18257,37803.8,18257.0,4.5374212608873155,2.1061097662438866,49001.14226995122,2401111943.7599998,57.03125,70.0,67.85714285714286,100.0,42.857142857142854,67.54910714285714,67.85714285714286,1.4294132036344482,0.7979458689551242,18.86520939819527,355.89612563775506,0
126913,87184,250930,24758,106098,119176.6,106098.0,2.0788149309020874,1.0296563920702309,74200.07891532191,5505651711.039999,65.51724137931035,48.57142857142857,61.904761904761905,100.0,63.63636363636363,67.92595909837289,63.63636363636363,3.203807358102175,1.5138454276559636,17.110226869330713,292.7598635199667,175762,285654,4339,129467,816295,282303.4,175762.0,3.1534741036710106,1.6783425580461826,281827.0739787787,79426499627.44,51.61290322580645,57.63239875389408,50.0,0.0,52.5035765379113,42.34977570352236,51.61290322580645,4.729242558473001,-2.153986344358242,21.32835297955919,454.8986408206714,1
21508,11491,21090,41411,91755,37451.0,21508.0,2.7307402916033254,1.6678934244717913,28845.75943184717,832077837.2,50.0,50.0,25.0,58.139534883720934,45.45454545454545,45.71881606765328,50.0,2.8513296413377534,-1.4717864207475326,11.137957674862879,124.05410116703692,83004,65251,56171,27952,50248,56525.2,56171.0,0.7386637047050408,-0.21948085750390495,18073.311211839406,326644578.15999997,75.0,53.333333333333336,50.0,76.92307692307693,50.0,61.05128205128206,53.333333333333336,-3.214721225490999,0.5762770664297224,12.249971487575671,150.0618014464169,0
203425,11168,254098,27952,29078,105144.2,29078.0,-2.668720082234773,0.7009947586999516,102393.92450023585,10484515774.56,58.490566037735846,76.92307692307693,66.66666666666666,76.92307692307693,41.17647058823529,64.03597142775833,66.66666666666666,0.2683004600361607,-0.9774670627752243,13.35951970024972,178.47676662136035,63136,73674,76988,57166,89455,72083.8,73674.0,-0.5856853876369295,0.2792452481832779,11233.36445416065,126188476.96,16.666666666666664,40.0,62.5,56.00000000000001,35.0,42.03333333333333,40.0,-0.6688602373830159,-0.37788071237663073,16.192728134704307,262.20444444444445,1
23449,47270,19049,175812,48486,62813.2,47270.0,4.1630466237859425,1.998054148429834,57758.86766687865,3336086794.16,37.142857142857146,44.18604651162791,36.36363636363637,50.0,55.55555555555556,44.6496191147354,44.18604651162791,-1.8572421243034292,0.339065625223098,7.386337526554198,54.55798205618278,5192,17982,42940,2469,202364,54189.4,17982.0,4.257066711579924,2.0460116984544876,75457.24866863356,5693796376.64,75.0,47.61904761904761,28.57142857142857,33.33333333333333,53.84615384615385,47.67399267399267,47.61904761904761,-0.0036288421829504536,0.716110422641736,16.46433560452783,271.0743468985228,0
307998,322691,429938,58736,41672,232207.0,307998.0,-2.598160599611017,-0.26089805610237793,154547.69643317236,23884990472.8,57.35294117647059,54.46428571428571,51.90476190476191,56.52173913043478,46.42857142857143,53.33445987090488,54.46428571428571,0.846255781154114,-1.1451211209010244,3.93239822424255,15.46375579402596,15912,61627,120462,18742,3813,44111.2,18742.0,0.9245375240490583,1.3082035435850712,42892.85260460069,1839796804.56,66.66666666666666,51.24999999999999,52.38095238095239,53.84615384615385,33.33333333333333,51.49542124542124,52.38095238095239,2.0880787874399704,-0.6145960282206671,10.643293340859456,113.27969313958324,1
103715,58707,26775,149312,2466,68195.0,58707.0,-1.1823126129538708,0.4496492192017443,52853.7190252493,2793515614.8,54.285714285714285,40.0,0.0,65.57377049180327,66.66666666666666,45.30523028883684,54.285714285714285,2.024962675885636,-1.4868952533479398,24.610904651571182,605.6966277687281,22004,164143,6570,57283,56354,61270.8,56354.0,2.736518025374508,1.5438754863734385,55057.83524040879,3031365221.36,52.17391304347826,33.33333333333333,71.42857142857143,60.0,48.148148148148145,53.01679319070623,52.17391304347826,0.38206792350724683,-0.17102694675867053,12.646038895017842,159.9222997343041,0
67284,18252,15707,111387,32600,49046.0,32600.0,0.12376349641571593,1.1172229302351089,36191.86427361818,1309851039.6,51.35135135135135,55.00000000000001,66.66666666666666,42.857142857142854,50.0,53.17503217503217,51.35135135135135,1.5728585556144292,0.8285124903802965,7.813068409445733,61.04403797067887,16827,13551,93406,99510,2368,45132.4,16827.0,-3.1793446874642015,0.5580002282143577,42224.72792381261,1782927648.2400002,57.14285714285714,20.0,45.09803921568628,26.666666666666668,50.0,39.78151260504201,45.09803921568628,-2.265101718013846,-0.37525657424544284,14.123785957979418,199.48132978681662,1
226013,29450,308358,10848,26399,120213.6,29450.0,-2.1663120730344816,0.7959574198900294,122956.79974137258,15118374602.64,56.69291338582677,53.06122448979592,54.166666666666664,50.0,60.0,54.78416090845788,54.166666666666664,-0.1063409806368667,0.2627617393655619,3.378944157222322,11.417263617626869,3639,508172,10436,15912,20743,111780.4,15912.0,4.9835438265629195,2.231448235044546,198277.63800953448,39314021734.63999,40.0,54.72222222222223,100.0,53.84615384615385,66.66666666666666,63.047008547008545,54.72222222222223,2.138076663358861,1.312314915548319,20.316239316239315,412.7495799547081,0
8855,48724,107129,106905,41401,62602.8,48724.0,-2.1434712491952226,0.03999469782427676,38668.41302355192,1495246165.7599998,37.5,40.0,50.588235294117645,49.29577464788733,61.702127659574465,47.81722752031589,49.29577464788733,-0.3684905082068788,0.526670586967558,8.604757607027055,74.04185347568999,15917,166220,72309,53933,26393,66954.4,53933.0,2.4246878903765623,1.5131146960420432,53482.579053744215,2860386262.2399993,14.285714285714285,49.01185770750988,46.15384615384615,50.0,40.0,39.890283629414064,46.15384615384615,3.5821027993516967,-1.882399340590169,13.268366163259575,176.0495406423316,1
51509,17880,40473,29461,388647,105594.0,40473.0,4.876434619951984,2.2013878031414134,141968.24444924295,20154982432.0,54.54545454545454,0.0,41.17647058823529,48.148148148148145,48.96907216494845,38.56782908935729,48.148148148148145,4.0921991980733665,-1.9852954749834228,19.746064606075986,389.9070674273268,5631,62355,108356,590301,32192,159767.0,62355.0,4.508217150598189,2.1021694663771133,217956.41809407677,47505000188.4,50.0,28.57142857142857,52.0,50.07194244604316,40.909090909090914,44.31049238531252,50.0,1.107892139389194,-1.3769281334021537,8.76334402835094,76.79619855923407,0
91069,462,162757,1115,9710,53022.6,9710.0,-0.36522833342471506,1.1206506372258038,64532.4166992063,4164432805.0399995,50.877192982456144,0.0,39.21568627450981,0.0,50.0,28.018575851393187,39.21568627450981,-3.1898925950142383,-0.4754157545464323,23.242873540306903,540.2311704106987,10868,120500,120971,11920,388647,130581.2,120500.0,2.6776046680880867,1.5657544381733461,137988.1692804133,19040734861.359997,60.0,48.4375,60.29411764705882,100.0,48.96907216494845,63.540137962401445,60.0,3.6017288408871853,1.8377082288160793,18.935661574807714,358.5592792756494,0
60978,28207,54537,86784,388647,123830.6,60978.0,4.618283355783757,2.1281418496727595,133713.20165578267,17879220297.04,58.666666666666664,51.28205128205128,58.9041095890411,58.333333333333336,48.96907216494845,55.23104660720817,58.333333333333336,-2.5476812591030034,-0.7340528163012157,4.236176289678754,17.94518955723646,8682,51707,10405,1058,22787,18927.8,10405.0,2.117570736204419,1.4707543106997085,17811.870574423112,317262733.35999995,0.0,50.63291139240506,26.31578947368421,0.0,57.14285714285714,26.818311601789283,26.31578947368421,-2.8543560573646833,0.059305725978155074,24.18846596330599,585.0818856580124,1
17694,200145,35443,1597,31642,57304.2,31642.0,4.489276770835199,2.083099233915311,72404.71641378067,5242442958.959999,35.294117647058826,48.466257668711656,30.909090909090907,0.0,0.0,22.93389324497228,30.909090909090907,-2.5452515089650505,-0.20142503908226608,19.596976689591187,384.0414953723803,23783,113246,59888,440791,24983,132538.2,59888.0,4.123531880337589,2.011375799273909,157521.9628006203,24813168764.560005,36.36363636363637,54.41176470588235,50.0,50.89285714285714,56.09756097560976,49.553163837597126,50.89285714285714,3.1168344757185693,-1.6755998423624647,6.962660583309874,48.47864239837699,0
4399,30204,3692,9447,35565,16661.4,9447.0,-2.824295642582398,0.5861439898787838,13500.87008455381,182273493.04,75.0,70.0,25.0,62.5,42.857142857142854,55.07142857142857,62.5,-0.9696865423010466,-0.8053029519417356,18.593942397392517,345.734693877551,13914,69343,17349,215297,5133,64207.2,17349.0,3.2818507554379153,1.8339034320142276,78828.11945594034,6213872416.959999,66.66666666666666,52.56410256410257,55.55555555555556,48.98989898989899,100.0,64.75524475524476,55.55555555555556,2.949451512745741,1.730442914303837,18.588440829626336,345.5301324765194,0
105158,12418,16642,9447,15563,31845.6,15563.0,4.907284586102669,2.209659745598234,36742.64397998598,1350021886.6399999,40.0,70.0,50.0,62.5,54.54545454545454,55.409090909090914,54.54545454545454,-0.5353272438947236,-0.09675164337152466,10.30164874872701,106.12396694214877,23645,51518,27547,749464,23560,175146.8,27547.0,4.973356785804221,2.228831089211697,287346.9612516548,82568276140.55998,36.666666666666664,40.0,63.63636363636363,50.0,57.692307692307686,49.599067599067595,50.0,-2.1611404525003346,0.06951372697864944,10.218571863851299,104.41921093669342,1
2045,7446,447043,119476,27472,120696.4,27472.0,3.6689586697893404,1.9181293567260504,168581.25001624587,28419637857.039997,0.0,50.0,57.03125,43.75,47.61904761904761,39.680059523809526,47.61904761904761,4.16481161695872,-1.9793204062177783,20.30597967911073,412.332810728458,36912,59614,17471,10315,4496,25761.6,17471.0,-0.2584887603904953,0.9588944849253328,20148.814601360547,405974729.84,38.775510204081634,39.130434782608695,50.0,33.33333333333333,50.0,42.24785566400473,39.130434782608695,-2.380160871663745,0.15290622848134466,6.654858194448003,44.28713758821174,0
10525,7568,20627,36605,23728,19810.6,20627.0,-0.31165431818831024,0.5837347938586797,10336.034299478693,106833605.04,40.0,20.0,73.91304347826086,41.66666666666667,100.0,55.115942028985515,41.66666666666667,-0.8013996206676453,0.6283524588116269,28.321065582417397,802.0827557235873,409798,5997,125390,8308,36895,117277.6,36895.0,3.3133270645939223,1.834242768066245,152547.10976822866,23270620698.640003,49.61089494163424,36.36363636363637,22.22222222222222,0.0,61.53846153846154,33.94704301319088,36.36363636363637,-0.504138197781451,-0.47885185300883976,21.458591327550035,460.4711417628056,1
23854,37715,130937,12330,178388,76644.8,37715.0,-1.9468664933584456,0.7707615933424037,65936.50448545176,4347622623.76,35.483870967741936,55.55555555555556,55.86206896551724,61.53846153846154,56.30630630630631,52.94925266671652,55.86206896551724,4.017810776575871,-1.8843709017458576,9.004012323529468,81.07223792227052,164370,62013,315,152344,57006,87209.6,62013.0,-1.9991512020748747,0.04485264735116091,62119.26433112356,3858803001.04,50.0,0.0,0.0,52.83018867924528,59.09090909090909,32.38421955403088,50.0,-3.2423785886742214,-0.5519612000551976,26.604796531664586,707.8151984912721,1
872072,6159,2190099,524009,47461,727960.0,524009.0,1.9775010035477756,1.4250052748731867,798033.8723222216,636858061373.6,51.798561151079134,33.33333333333333,46.1139896373057,46.59400544959128,0.0,35.567977914261895,46.1139896373057,2.8788762764332407,-1.7161544404943507,18.795202409083906,353.2596335984334,217279,400604,22068,32585,68322,148171.6,68322.0,0.4013087121301808,1.2256999958102717,144316.51877536403,20827257591.44,53.71900826446281,51.06382978723404,36.84210526315789,55.55555555555556,58.82352941176471,51.200805656435,53.71900826446281,3.036955953369734,-1.636034576889516,7.610547258662494,57.920429576335195,0
288945,21842,4715,2748,28356,69321.2,21842.0,4.842197475995076,2.192200750774038,110247.891233166,12154597521.359999,54.54545454545454,48.484848484848484,0.0,66.66666666666666,68.57142857142857,47.653679653679646,54.54545454545454,3.2752921824241454,-1.7586427290831355,24.972410705666064,623.6212964524651,2190099,12256,195125,5645,6565,481938.0,12256.0,4.851874266463776,2.1973900275362195,857147.7575064873,734702278198.4,46.1139896373057,66.66666666666666,50.352112676056336,75.0,62.5,60.12655379600574,62.5,-1.7532086494095591,-0.025511380429823285,10.597333426257695,112.30347574727867,0
89213,400604,27088,4842,17677,107884.8,27088.0,4.207737249360685,2.039087547636912,149208.95071462705,22263310973.36,67.03296703296702,51.06382978723404,52.77777777777778,100.0,48.275862068965516,63.830087333388875,52.77777777777778,2.6375329820617113,1.6883336426551516,19.212422140399056,369.1171645008959,2317,12080,2190099,13467,19060,447404.6,13467.0,4.999234698897763,2.235853574710163,871363.8950373373,759275037574.6399,0.0,0.0,46.1139896373057,0.0,50.0,19.22279792746114,0.0,-3.261035459248069,0.6209637732080071,23.575072595729228,555.7840478939032,1
62648,33964,13558,54561,69904,46927.0,54561.0,-0.7951183084538216,-0.7839280267911043,20566.476878648904,422979971.2,33.33333333333333,55.81395348837209,0.0,0.0,46.15384615384615,27.060226595110315,33.33333333333333,-2.7952144185425745,-0.20605083759638207,23.217263891391664,539.0413426025192,52622,35927,47615,75998,12290,44890.4,47615.0,0.7526227066698277,-0.15684169796972908,20871.09235857098,435602496.23999995,100.0,30.23255813953488,23.52941176470588,50.0,57.14285714285714,52.180965409419585,50.0,1.370712182379057,1.1540304887810688,26.902346205515986,723.7362313614404,0
1227,5668,59854,54561,69904,38242.8,54561.0,-3.050480200191818,-0.4846054129941456,28868.828333688918,833409249.36,50.0,0.0,52.94117647058824,0.0,46.15384615384615,29.81900452488688,46.15384615384615,-3.2835550512624536,-0.5735116728439172,24.44209699107973,597.4161053213488,59938,20355,124790,18247,16022,47870.4,20355.0,1.8569283879910863,1.5486083588359068,41740.18562776165,1742243096.2400002,60.0,37.5,47.58620689655172,66.66666666666666,50.0,52.35057471264368,50.0,-0.788103441698639,-0.004194438295823414,10.121543039728996,102.44563350508649,0
543,36305,148598,2849,7201,39099.2,7201.0,3.8916907761147517,1.9698959674807064,56242.23942340845,3163189495.3599997,0.0,63.1578947368421,56.33802816901409,0.0,50.0,33.89918458117124,50.0,-3.184134419865599,-0.508392956149138,27.989710642380935,783.4239018442125,64129,8452,38414,48076,31348,38083.8,38414.0,0.5857303088662378,-0.3636365287147199,18448.415155779643,340344021.76,50.0,75.0,50.0,44.44444444444444,100.0,63.88888888888889,50.0,0.050981948026185275,1.1617088062601795,20.934937423796413,438.2716049382716,0
18637,73182,8178,163442,27090,58105.8,27090.0,1.9480912216801096,1.526967405982443,57158.6530156196,3267111614.56,35.8974358974359,56.16438356164384,31.25,44.18604651162791,33.33333333333333,40.1662398608082,35.8974358974359,0.6002373543167074,1.1975493297586923,9.12699380441269,83.30201590578763,13403,2231,1716,91104,81171,37925.0,13403.0,-3.1103523417974683,0.5883413370613512,39710.71482106561,1576940871.6,50.0,50.0,50.0,38.88888888888889,33.33333333333333,44.44444444444444,50.0,-1.7499999999999976,-0.8838834764831843,7.027283689263066,49.38271604938272,0
19815,250600,21249,8178,6133,61195.0,19815.0,4.919375141036935,2.213489706107725,94894.53880387427,9004973494.8,73.33333333333333,55.333333333333336,68.96551724137932,31.25,20.0,49.7764367816092,55.333333333333336,-2.345543283036362,-0.40662835394944036,20.899245587144332,436.77846611177176,183856,84515,61995,32630,62925,85184.2,62925.0,3.2453098711711608,1.6772225853210672,52022.546771183734,2706345372.5599995,55.42168674698795,49.43820224719101,54.666666666666664,62.857142857142854,47.27272727272727,53.93128515814315,54.666666666666664,0.08092013371771634,0.6154317347662712,5.421387381105059,29.39144113600517,0
182640,26299,235692,16352,5917,93380.0,26299.0,-2.518363048587299,0.7244444501237525,96232.01406808443,9260600531.6,61.60714285714286,23.076923076923077,42.10526315789473,40.0,60.0,45.357865818392135,42.10526315789473,-0.9399302910435581,-0.3942380610000808,14.241893535045635,202.83153146357466,99757,78087,8178,6077,23560,43131.8,23560.0,-2.4217174638322967,0.6442829274728855,38486.7794828302,1481232194.9599998,53.48837209302325,57.14285714285714,31.25,75.0,57.692307692307686,54.91470738563762,57.14285714285714,1.9595640161514556,-0.5579103063952225,13.986790212365237,195.63030044471603,0
106558,259594,47046,116150,9863,107842.2,106558.0,1.6048695803343556,1.118526374111899,85317.50005807717,7279075816.159999,60.86956521739131,52.307692307692314,65.21739130434783,59.23076923076923,33.33333333333333,54.1917502787068,59.23076923076923,2.410655515720685,-1.5414778393517692,11.226512515345513,126.03458325720946,71275,54516,63264,2658,70690,52480.6,63264.0,3.861811655717206,-1.9405312618698396,25641.87106745528,657505551.84,0.0,47.61904761904761,25.0,50.0,0.0,24.523809523809526,25.0,-2.977082173733897,-0.018431326095585617,21.842561792723266,477.09750566893416,1
